{"Omnicom Group\n": 74000, "Red Hat Inc.\n": 8300, "Adobe Systems Inc\n": 12499, "FirstEnergy Corp\n": 15500, "Pioneer Natural Resources\n": 3732, "Ford Motor\n": 199000, "CenturyLink Inc\n": 47000, "The Travelers Companies Inc.\n": -1, "Spectra Energy Corp.\n": 5700, "Mylan N.V.\n": -1, "Yahoo Inc.\n": -1, "Precision Castparts\n": 30100, "C. H. Robinson Worldwide\n": 11500, "Welltower Inc.\n": 438, "General Mills\n": 43000, "Cummins Inc.\n": 54600, "Baker Hughes Inc\n": -1, "Laboratory Corp. of America Holding\n": -1, "TJX Companies Inc.\n": 198000, "Flowserve Corporation\n": -1, "Perrigo\n": 10220, "AFLAC Inc\n": 9235, "Ball Corp\n": 15000, "SCANA Corp\n": 5877, "Celgene Corp.\n": 4182, "Signet Jewelers\n": 30000, "Realty Income Corporation\n": -1, "CVS Caremark Corp.\n": 137800, "Hewlett Packard Enterprise\n": 240000, "Illumina Inc\n": -1, "Southern Co.\n": 26112, "BB&T Corporation\n": 33400, "Goldman Sachs Group\n": 36900, "Vertex Pharmaceuticals Inc\n": -1, "Alliance Data Systems\n": 15000, "Cameron International Corp.\n": 23412, "Amgen Inc\n": 17900, "Xylem Inc.\n": 12500, "McGraw Hill Financial\n": 17000, "Occidental Petroleum\n": 11100, "JPMorgan Chase & Co.\n": 235678, "Microchip Technology\n": 8604, "Total System Services\n": -1, "American Airlines Group\n": 113300, "News Corp. Class B\n": -1, "Emerson Electric Company\n": 132000, "Henry Schein\n": -1, "FedEx Corporation\n": 300000, "EMC Corp.\n": 50000, "People's United Financial\n": 4788, "Leggett & Platt\n": 20000, "Tyco International\n": 69000, "Advance Auto Parts\n": 74000, "Lennar Corp.\n": -1, "Pepco Holdings Inc.\n": 5592, "Cimarex Energy\n": 925, "U.S. Bancorp\n": 67000, "CMS Energy\n": -1, "Cisco Systems\n": 71833, "Newell Rubbermaid Co.\n": 19000, "Xilinx Inc\n": 3000, "Cintas Corporation\n": 30000, "Berkshire Hathaway\n": 331000, "Fossil, Inc.\n": 10500, "Wells Fargo\n": 265200, "Masco Corp.\n": 32500, "Pitney-Bowes\n": 16100, "Illinois Tool Works\n": 59000, "Bank of America Corp\n": 220000, "The Hershey Company\n": 14800, "Altria Group Inc\n": 9000, "CSRA Inc.\n": -1, "Marsh & McLennan\n": 57000, "Teradata Corp.\n": 11000, "Intl Flavors & Fragrances\n": -1, "Urban Outfitters\n": 25000, "Cablevision Systems Corp.\n": 13656, "Ensco plc\n": 6400, "Ameriprise Financial\n": 12235, "Ventas Inc\n": -1, "Consolidated Edison\n": -1, "CF Industries Holdings Inc\n": -1, "Anthem Inc.\n": -1, "L Brands Inc.\n": 94600, "Goodyear Tire & Rubber\n": 67000, "Priceline.com Inc\n": -1, "Robert Half International\n": 16100, "Exxon Mobil Corp.\n": 75300, "ConAgra Foods Inc.\n": 26100, "NextEra Energy\n": 13800, "SL Green Realty\n": -1, "Merck & Co.\n": 70000, "Verisign Inc.\n": -1, "Kellogg Co.\n": 30277, "Transocean\n": 9100, "International Bus. Machines\n": 377757, "DaVita Inc.\n": 53400, "QUALCOMM Inc.\n": 33000, "CBRE Group\n": 52000, "Western Union Co\n": 7000, "PPL Corp.\n": 13500, "Lilly (Eli) & Co.\n": 37925, "Staples Inc.\n": 79075, "Automatic Data Processing\n": 60000, "LyondellBasell\n": 13300, "Gilead Sciences\n": 7900, "Alphabet Inc Class C\n": 61814, "General Motors\n": 216000, "Walgreens Boots Alliance\n": 370000, "Constellation Brands\n": -1, "Under Armour\n": 11000, "NiSource Inc.\n": -1, "Torchmark Corp.\n": 2360, "International Paper\n": 65000, "T. Rowe Price Group\n": 4200, "Discovery Communications-C\n": 5486, "Medtronic plc\n": 84000, "Wynn Resorts Ltd\n": 16500, "Broadcom Corporation\n": -1, "Intel Corp.\n": 107300, "Pfizer Inc.\n": 78300, "Brown-Forman Corporation\n": 3900, "Dollar Tree\n": -1, "Dover Corp.\n": 26000, "Intuitive Surgical Inc.\n": 2739, "3M Company\n": 89800, "FMC Corporation\n": -1, "Ecolab Inc.\n": 47000, "Viacom Inc.\n": 10580, "Akamai Technologies Inc\n": -1, "Equinix\n": 4250, "D. R. Horton\n": -1, "Smucker (J.M.)\n": -1, "Textron Inc.\n": 32000, "Hess Corporation\n": 6045, "Harley-Davidson\n": -1, "Tractor Supply Company\n": -1, "Wisconsin Energy Corporation\n": 9300, "Qorvo\n": -1, "CME Group Inc.\n": 2300, "Northern Trust Corp.\n": 14100, "PayPal\n": -1, "Microsoft Corp.\n": 118584, "Lincoln National\n": -1, "Yum! Brands Inc\n": -1, "Entergy Corp.\n": 14000, "Mondelez International\n": -1, "Costco Co.\n": 117000, "Hanesbrands Inc\n": -1, "Newfield Exploration Co\n": 1111, "Nordstrom\n": 72500, "Hartford Financial Svc.Gp.\n": -1, "Chipotle Mexican Grill\n": 45200, "National Oilwell Varco Inc.\n": 64000, "Pentair Ltd.\n": 30000, "Motorola Solutions Inc.\n": 15000, "Columbia Pipeline Group Inc\n": -1, "Plum Creek Timber Co.\n": 1300, "Comcast A Corp\n": 153000, "Humana Inc.\n": 52000, "Air Products & Chemicals Inc\n": 19700, "Juniper Networks\n": 9483, "Oracle Corp.\n": 135070, "Dentsply International\n": 11800, "Amazon.com Inc\n": -1, "Accenture plc\n": 373000, "Deere & Co.\n": 67000, "F5 Networks\n": 4180, "PG&E Corp.\n": 19424, "Anadarko Petroleum Corp\n": 5800, "Intuit Inc.\n": 8200, "Starwood Hotels & Resorts\n": 181400, "Leucadia National Corp.\n": 14647, "Marriott Int'l.\n": 199929, "Stanley Black & Decker\n": 45327, "Affiliated Managers Group Inc\n": 2900, "Danaher Corp.\n": 63000, "Target Corp.\n": 341000, "Stryker Corp.\n": -1, "Public Serv. Enterprise Inc.\n": 10352, "CBS Corp.\n": 20915, "Corning Inc.\n": -1, "Allergan plc\n": 30000, "Westrock Co\n": -1, "Analog Devices, Inc.\n": 9600, "Honeywell Int'l Inc.\n": 129000, "Texas Instruments\n": 31003, "First Solar Inc\n": -1, "Kinder Morgan\n": -1, "J. B. Hunt Transport Services\n": 19324, "Fastenal Co\n": 18417, "MetLife Inc.\n": 66000, "Baxalta\n": 16000, "eBay Inc.\n": -1, "The Walt Disney Company\n": 185000, "Philip Morris International\n": 82500, "Mead Johnson\n": 5600, "Equity Residential\n": 3500, "Endo International\n": -1, "Prudential Financial\n": 48331, "Royal Caribbean Cruises Ltd\n": -1, "Agilent Technologies Inc\n": 12000, "Ametek\n": -1, "Invesco Ltd.\n": 6189, "Sealed Air Corp.(New)\n": -1, "Starbucks Corp.\n": 191000, "Quest Diagnostics\n": 40000, "News Corp. Class A\n": -1, "Coca-Cola Enterprises\n": 13250, "McDonald's Corp.\n": 420000, "Apartment Investment & Mgmt\n": 1625, "CONSOL Energy Inc.\n": 8827, "Range Resources Corp.\n": 744, "Facebook\n": -1, "AbbVie\n": 28000, "Snap-On Inc.\n": -1, "FLIR Systems\n": 2800, "XL Capital\n": -1, "Allegion\n": -1, "Genuine Parts\n": 39000, "Bristol-Myers Squibb\n": 28000, "BIOGEN IDEC Inc.\n": 7550, "Chesapeake Energy\n": 4400, "United Rentals, Inc.\n": -1, "CenterPoint Energy\n": -1, "The Coca Cola Company\n": 129200, "Paychex Inc.\n": -1, "Macy's Inc.\n": 172500, "Michael Kors Holdings\n": -1, "Public Storage\n": 5300, "Micron Technology\n": -1, "McCormick & Co.\n": 8000, "L-3 Communications Holdings\n": -1, "Crown Castle International Corp.\n": -1, "Darden Restaurants\n": -1, "Murphy Oil\n": 1258, "Salesforce.com\n": 19000, "PerkinElmer\n": 7600, "Fifth Third Bancorp\n": 21613, "Alexion Pharmaceuticals\n": 1774, "Nike\n": 62600, "Fluor Corp.\n": 37508, "Seagate Technology\n": 52350, "Eastman Chemical\n": 15000, "United Technologies\n": 196200, "Essex Property Trust Inc\n": -1, "Cardinal Health Inc.\n": 35000, "Becton Dickinson\n": -1, "Eversource Energy\n": -1, "Morgan Stanley\n": 55802, "Tenet Healthcare Corp.\n": 130000, "Marathon Oil Corp.\n": 2611, "Northrop Grumman Corp.\n": 65000, "Universal Health Services, Inc.\n": -1, "Nielsen Holdings\n": 40000, "Wal-Mart Stores\n": -1, "Verisk Analytics\n": -1, "Kimberly-Clark\n": 43000, "E*Trade\n": 3421, "Pulte Homes Inc.\n": 3843, "Devon Energy Corp.\n": 6600, "HCP Inc.\n": -1, "Zoetis": 9500, "Alcoa Inc\n": 59000, "Campbell Soup\n": 17500, "United Continental Holdings\n": 84000, "Delphi Automotive\n": 161000, "AutoNation Inc\n": -1, "ONEOK\n": 4077, "Boston Scientific\n": 24000, "Electronic Arts\n": 8400, "Kraft Heinz Co\n": -1, "Estee Lauder Cos.\n": 44000, "Applied Materials Inc\n": -1, "CSX Corp.\n": 36005, "Owens-Illinois Inc\n": 24000, "Symantec Corp.\n": 19424, "Martin Marietta Materials\n": 5200, "Aetna Inc\n": 48600, "Republic Services Inc\n": -1, "Abbott Laboratories\n": 73000, "Ryder System\n": -1, "State Street Corp.\n": 29970, "Carmax Inc\n": -1, "SanDisk Corporation\n": 8790, "CIGNA Corp.\n": 35800, "Regions Financial Corp.\n": 23000, "Avery Dennison Corp\n": 26000, "Fiserv Inc\n": 21000, "The Mosaic Company\n": -1, "Rockwell Collins\n": 20000, "Tyson Foods\n": 115000, "NASDAQ OMX Group\n": 2503, "Polo Ralph Lauren Corp.\n": 23000, "Helmerich & Payne\n": 11914, "BlackRock\n": 12000, "Navient\n": -1, "Bard (C.R.) Inc.\n": 14000, "Waters Corporation\n": -1, "Harris Corporation\n": 23000, "Frontier Communications\n": -1, "TECO Energy\n": 4300, "Procter & Gamble\n": 110000, "Bed Bath & Beyond\n": 58000, "AES Corp\n": 27000, "HP Inc.\n": 50000, "Tiffany & Co.\n": 10600, "Netflix Inc.\n": -1, "Church & Dwight\n": 3600, "Alphabet Inc Class A\n": 61814, "Macerich\n": 3000, "Huntington Bancshares\n": 12243, "Western Digital\n": 76449, "Union Pacific\n": 42884, "Expeditors Int'l\n": 13000, "Lockheed Martin Corp.\n": 126000, "Equifax Inc.\n": 7000, "Lowe's Cos.\n": 265000, "Colgate-Palmolive\n": 37900, "AvalonBay Communities, Inc.\n": -1, "Franklin Resources\n": 9000, "SunTrust Banks\n": 26281, "Block H&R\n": 2200, "TripAdvisor\n": -1, "Johnson & Johnson\n": 127100, "Moody's Corp\n": 10400, "Mattel Inc.\n": 31000, "Dow Chemical\n": 51635, "Kansas City Southern\n": -1, "American International Group, Inc.\n": -1, "Autodesk Inc\n": 7700, "PACCAR Inc.\n": 22800, "Kohl's Corp.\n": 140000, "Roper Industries\n": 300, "Harman Int'l Industries\n": 28000, "EOG Resources\n": 2760, "V.F. Corp.\n": 58000, "AGL Resources Inc.\n": 6094, "Archer-Daniels-Midland Co\n": 33000, "Cerner\n": 22000, "United Parcel Service\n": 444000, "KeyCorp\n": 14000, "Allstate Corp\n": 40200, "Expedia Inc.\n": 18000, "Prologis\n": 1400, "Aon plc\n": 72000, "Reynolds American Inc.\n": 5400, "Citigroup Inc.\n": 239000, "Stericycle Inc\n": -1, "St Jude Medical\n": 18000, "The Bank of New York Mellon Corp.\n": 50300, "Xerox Corp.\n": 140800, "ADT Corp\n": -1, "ACE Limited\n": 20000, "Time Warner Inc.\n": 26000, "Garmin Ltd.\n": 10086, "Hasbro Inc.\n": -1, "Southwestern Energy\n": -1, "Marathon Petroleum\n": 45440, "Grainger (W.W.) Inc.\n": 22400, "Du Pont (E.I.)\n": 52000, "American Electric Power\n": 18710, "Nvidia Corporation\n": 9100, "Caterpillar Inc.\n": 114233, "Waste Management Inc.\n": 39800, "GameStop Corp.\n": 18000, "Whole Foods Market\n": 91000, "Edwards Lifesciences\n": 8700, "Noble Energy Inc\n": 2395, "Baxter International Inc.\n": 61500, "Raytheon Co.\n": 61000, "Williams Cos.\n": 6578, "Simon Property Group Inc\n": -1, "Verizon Communications\n": 177900, "Eaton Corporation\n": 102000, "Cincinnati Financial\n": 4305, "DTE Energy Co.\n": 10262, "Sherwin-Williams\n": 37633, "Visa Inc.\n": 11300, "Avago Technologies\n": 8500, "Parker-Hannifin\n": 57447, "Boeing Company\n": 159469, "Duke Energy\n": 29250, "Activision Blizzard\n": 6690, "Express Scripts\n": 25900, "Twenty-First Century Fox Class A\n": 20500, "Skyworks Solutions\n": 6000, "Norfolk Southern Corp.\n": -1, "Loews Corp.\n": 18175, "NRG Energy\n": -1, "Scripps Networks Interactive Inc.\n": 2200, "EQT Corporation\n": 1914, "Chevron Corp.\n": 64700, "Regeneron\n": -1, "Discovery Communications-A\n": 5486, "Mallinckrodt Plc\n": 5500, "M&T Bank Corp.\n": 17476, "Whirlpool Corp.\n": -1, "Monsanto Co.\n": -1, "Sysco Corp.\n": 47000, "Intercontinental Exchange\n": -1, "American Tower Corp A\n": -1, "General Growth Properties Inc.\n": 1600, "Jacobs Engineering Group\n": -1, "AT&T Inc\n": 243620, "Capital One Financial\n": 41100, "Vulcan Materials\n": 9917, "Rockwell Automation Inc.\n": -1, "AutoZone Inc\n": 70000, "Ameren Corp\n": 9323, "Johnson Controls\n": 170000, "McKesson Corp.\n": 70400, "HCA Holdings\n": 204000, "Schlumberger Ltd.\n": 95000, "Amphenol Corp A\n": 39100, "FMC Technologies Inc.\n": 19300, "Cabot Oil & Gas\n": 459, "Diamond Offshore Drilling\n": 3400, "Exelon Corp.\n": -1, "Ross Stores\n": 57500, "BorgWarner\n": 19100, "Synchrony Financial\n": 11000, "Zions Bancorp\n": 10452, "PPG Industries\n": 42600, "Time Warner Cable Inc.\n": 51600, "Comerica Inc.\n": 8876, "American Express Co\n": 54000, "Thermo Fisher Scientific\n": 51000, "Unum Group\n": 9200, "Pinnacle West Capital\n": 7600, "Xcel Energy Inc\n": 11942, "Monster Beverage\n": 1240, "The Clorox Company\n": 7700, "Coach Inc.\n": -1, "NetApp\n": 12650, "Wyndham Worldwide\n": 33200, "Sempra Energy\n": 17000, "Principal Financial Group\n": 14600, "O'Reilly Automotive\n": 71621, "Phillips 66\n": 14000, "Mastercard Inc.\n": 10300, "Valero Energy\n": 10065, "Lam Research\n": 6500, "Kimco Realty\n": 545, "TE Connectivity Ltd.\n": -1, "Twenty-First Century Fox Class B\n": 20500, "Airgas Inc\n": -1, "Kroger Co.\n": 431000, "Dominion Resources\n": 15500, "Fidelity National Information Services\n": 55000, "PVH Corp.\n": -1, "United Health Group Inc.\n": 200000, "Chubb Corp.\n": 10400, "Carnival Corp.\n": 94600, "Charles Schwab Corporation\n": 12500, "Dr Pepper Snapple Group\n": 19000, "CA, Inc.\n": 11500, "Discover Financial Services\n": 11650, "Level 3 Communications\n": 13500, "Hormel Foods Corp.\n": 19700, "KLA-Tencor Corp.\n": 6100, "Freeport-McMoran Cp & Gld\n": 34500, "Citrix Systems\n": 10081, "AmerisourceBergen Corp\n": 16500, "Boston Properties\n": 760, "Tegna\n": 31600, "Praxair Inc.\n": 27000, "Assurant Inc\n": -1, "Tesoro Petroleum Co.\n": 5700, "Molson Coors Brewing Company\n": 5313, "PepsiCo Inc.\n": 263000, "Mohawk Industries\n": 32100, "Patterson Companies\n": 6890, "Southwest Airlines\n": -1, "Apple Inc.\n": 115000, "Weyerhaeuser Corp.\n": 13200, "Vornado Realty Trust\n": 4089, "Apache Corporation\n": 3860, "Host Hotels & Resorts\n": 251, "Halliburton Co.\n": 70000, "Ingersoll-Rand PLC\n": 52000, "Home Depot\n": 371000, "Legg Mason\n": 3100, "Nucor Corp.\n": 23700, "Edison Int'l\n": 16677, "Gap (The)\n": 137000, "Cognizant Technology Solutions\n": 221700, "Linear Technology Corp.\n": 4865, "Iron Mountain Incorporated\n": -1, "Best Buy Co. Inc.\n": -1, "Quanta Services Inc.\n": 17000, "Keurig Green Mountain\n": -1, "General Electric\n": 305000, "ConocoPhillips\n": 16900, "Dun & Bradstreet\n": 4600, "Varian Medical Systems\n": 6350, "General Dynamics\n": 99500, "Dollar General\n": -1, "Newmont Mining Corp. (Hldg. Co.)\n": 34000, "PNC Financial Services\n": 52500, "Progressive Corp.\n": 27250, "Delta Air Lines\n": -1, "Interpublic Group\n": 48700, "Zimmer Biomet Holdings\n": -1}