{"American Airlines Group": ["Airline holding companies of the United States", "American Airlines Group"], "Discover Financial Services": ["Financial services companies of the United States"], "McGraw Hill Financial": ["Financial services companies of the United States", "Magazine publishing companies of the United States"], "Xerox Corp.": ["Computer printer companies", "Electronics companies of the United States", "National Medal of Technology recipients", "Photocopiers", "Printing press manufacturers"], "T. Rowe Price Group": ["Investment management companies of the United States"], "The Mosaic Company": ["Cargill", "Chemical companies of the United States", "Fertilizer companies", "Mining companies", "Mining companies of Canada", "Mining companies of the United States"], "FLIR Systems": ["Avionics companies", "Video surveillance companies"], "PepsiCo Inc.": ["Beverage companies of the United States", "Companies formerly listed on the Tokyo Stock Exchange", "Conglomerate companies of the United States", "Multinational food companies", "PepsiCo"], "HP Inc.": ["Company stubs", "Computer companies of the United States", "Technology companies based in the San Francisco Bay Area"], "DTE Energy Co.": ["DTE Energy", "Hydroelectric power companies of the United States", "Natural gas companies of the United States", "Nuclear power companies of the United States", "Power companies of the United States", "Power monopolies"], "Target Corp.": ["Retail companies of the United States", "Target Corporation"], "The Bank of New York Mellon Corp.": ["Financial services companies based in New York City", "Global systemically important banks"], "Alphabet Inc Class A": ["Conglomerate companies of the United States"], "Alphabet Inc Class C": ["Conglomerate companies of the United States"], "Ametek": ["Conglomerate companies of the United States"], "Red Hat Inc.": ["Cloud computing providers", "Computer companies of the United States", "Free software companies", "GNOME companies", "Linux companies", "Research Triangle, North Carolina"], "Harley-Davidson": ["Motorcycle manufacturers of the United States"], "State Street Corp.": ["Global systemically important banks"], "Autodesk Inc": ["Autodesk", "Computer companies of the United States", "GIS companies", "Software companies based in the San Francisco Bay Area"], "Cintas Corporation": [], "Kimco Realty": [], "Macerich": ["Shopping property management firms"], "Duke Energy": ["Hydroelectric power companies of the United States", "Natural gas companies of the United States", "Nuclear power companies of the United States", "Power companies of the United States"], "General Motors": ["Aircraft engine manufacturers of the United States", "Automotive transmission makers", "Battery electric vehicle manufacturers", "Car manufacturers of the United States", "Defense companies of the United States", "Electric vehicle manufacturers", "Holding companies of the United States", "Hybrid electric bus manufacturers", "Motor vehicle manufacturers", "Motor vehicle manufacturers of the United States"], "Parker-Hannifin": ["Conglomerate companies of the United States"], "Realty Income Corporation": ["Financial services companies of the United States"], "Delta Air Lines": ["SkyTeam"], "Cameron International Corp.": ["Multinational companies", "Oilfield services companies"], "Progressive Corp.": ["Insurance companies of Australia", "Insurance companies of the United States", "Progressive Corporation"], "Bank of America Corp": ["Bank of America legacy banks", "Financial services companies of the United States", "Global systemically important banks", "Online brokerages"], "CONSOL Energy Inc.": ["Coal companies of the United States", "Energy companies of the United States", "Mining companies of the United States", "United States railroad holding companies"], "Newell Rubbermaid Co.": ["Conglomerate companies of the United States", "Newell Rubbermaid brands", "Tool manufacturing companies of the United States"], "United Parcel Service": ["Economy of Memphis, Tennessee", "Logistics companies of the United States"], "Block H&R": ["Tax preparation companies of the United States"], "QUALCOMM Inc.": ["Display technology companies", "Electronics companies of the United States", "Fabless semiconductor companies", "Graphics hardware companies", "HSA Foundation", "Information technology companies of the United States", "Networking hardware companies", "Qualcomm", "Semiconductor companies of the United States", "Technology companies based in California", "Telecommunications companies of the United States"], "Grainger (W.W.) Inc.": ["Industrial supply companies"], "Tyson Foods": ["Agriculture companies of the United States", "Brand name poultry meats", "Food production companies of the United States", "Industrial agriculture", "Multinational companies", "Poultry companies", "United States meat packing companies"], "AFLAC Inc": ["Insurance companies of the United States", "Life insurance companies"], "Costco Co.": ["Online retail companies of the United States", "Retail companies of the United States"], "Kraft Heinz Co": ["Brand name condiments", "Dairy products companies of the United States", "Food companies of the United States", "H. J. Heinz Company", "Multinational dairy companies", "Multinational food companies"], "Affiliated Managers Group Inc": ["Holding companies of the United States"], "Intuitive Surgical Inc.": ["Robotics companies"], "Merck & Co.": ["Biotechnology companies of the United States", "Merck", "Orphan drug companies"], "Williams Cos.": ["Energy companies of the United States", "Natural gas companies of the United States", "Natural gas pipeline companies", "Oil companies of the United States", "Power companies of the United States"], "AES Corp": ["Power companies of the United States"], "Cardinal Health Inc.": ["Health care companies of the United States"], "AvalonBay Communities, Inc.": ["Real estate investment trusts of the United States"], "Anthem Inc.": ["Health care companies of the United States", "Health maintenance organizations", "Insurance companies of the United States"], "Flowserve Corporation": ["Manufacturing companies of the United States"], "Stericycle Inc": [], "Avago Technologies": ["Electronics companies of the United States", "Fabless semiconductor companies", "Kohlberg Kravis Roberts companies", "Silver Lake Partners companies"], "XL Capital": ["Financial services company stubs", "Insurance companies of Bermuda"], "Lowe's Cos.": ["Canadian subsidiaries of foreign companies", "Hardware stores of Canada", "Hardware stores of the United States", "Home improvement retailers of the United States"], "Adobe Systems Inc": ["Adobe Systems", "Software companies based in the San Francisco Bay Area", "Type foundries"], "First Solar Inc": ["Photovoltaics manufacturers", "Solar energy companies of the United States", "Thin-film cell manufacturers"], "Broadcom Corporation": ["Broadcom", "Electronics companies of the United States", "Fabless semiconductor companies", "HSA Foundation members", "Networking companies of the United States", "Semiconductor companies of the United States", "Technology companies based in the Greater Los Angeles Area"], "Zoetis": ["Veterinary medicine companies"], "TJX Companies Inc.": ["Retail companies of the United Kingdom", "TJX Companies"], "United Continental Holdings": ["Airline holding companies of the United States"], "Seagate Technology": ["Computer storage companies", "Information technology companies of the United States", "Private equity portfolio companies", "Seagate Technology", "Silver Lake Partners companies", "Technology companies based in the San Francisco Bay Area"], "Total System Services": ["Financial technology companies", "Payment systems"], "American Tower Corp A": [], "Philip Morris International": ["Tobacco companies of the United States"], "ConocoPhillips": ["Chemical companies of the United States", "ConocoPhillips", "Multinational oil companies", "Oil companies of the United States"], "ADT Corp": ["Fire detection and alarm companies", "Security companies", "Security companies of the United States"], "L-3 Communications Holdings": ["Avionics companies", "Defense companies of the United States", "Electronics companies of the United States"], "Occidental Petroleum": ["Chemical companies of the United States", "Oil companies of the United States", "Oil shale companies"], "Coca-Cola Enterprises": [], "Prudential Financial": ["Former mutual insurance companies", "Life insurance companies", "Prudential Financial"], "Staples Inc.": ["Bain Capital companies", "Office supply companies", "Office supply companies of the United States", "Private equity portfolio companies", "Retail companies of the United States"], "Walgreens Boots Alliance": [], "AbbVie": ["Biotechnology companies of the United States", "Life sciences industry", "Multinational companies", "Pharmaceutical companies of the United States"], "Kansas City Southern": [], "Mallinckrodt Plc": ["Pharmaceutical companies of the United States"], "United Health Group Inc.": ["Insurance companies of the United States"], "Tenet Healthcare Corp.": [], "Gilead Sciences": ["Biotechnology companies of the United States", "Gilead Sciences", "Life sciences industry", "Pharmaceutical companies of the United States"], "Motorola Solutions Inc.": ["Motorola", "Networking companies of the United States", "Radio-frequency identification companies", "Telecommunications equipment vendors"], "The Hershey Company": ["Chocolate companies", "Confectionery companies of the United States", "The Hershey Company"], "Polo Ralph Lauren Corp.": ["Clothing brands of the United States", "Clothing companies of the United States", "Clothing retailers of the United States", "High fashion brands", "L'Or\u00e9al", "Swimwear brands"], "Columbia Pipeline Group Inc": ["Lists of companies"], "Owens-Illinois Inc": ["Glassmaking companies"], "Monsanto Co.": ["Agriculture companies of the United States", "Biotechnology companies of the United States", "Chemical companies of the United States", "Genetic engineering and agriculture", "Life sciences industry", "Monsanto", "Seed companies"], "PNC Financial Services": [], "Dun & Bradstreet": [], "Lam Research": ["Equipment semiconductor companies", "Technology companies based in the San Francisco Bay Area"], "FMC Technologies Inc.": ["Oilfield services companies"], "Cabot Oil & Gas": ["Oil companies of the United States", "Petroleum company stubs"], "Cisco Systems": ["Cisco Systems", "Networking companies of the United States", "Networking hardware companies", "Technology companies based in the San Francisco Bay Area", "Telecommunications equipment vendors"], "National Oilwell Varco Inc.": ["Energy companies of the United States", "Oilfield services companies"], "Martin Marietta Materials": ["Chemical companies of the United States", "Mining companies of the United States"], "Marathon Petroleum": ["Automotive companies of the United States", "Automotive fuel brands", "Chemical companies of the United States", "Marathon Petroleum", "Oil companies of the United States"], "Airgas Inc": ["Transportation companies of the United States"], "Level 3 Communications": ["Content delivery network", "Telecommunications companies of the United States"], "NetApp": ["Computer companies of the United States", "Computer storage companies", "Storage Area Network companies"], "Johnson & Johnson": ["Conglomerate companies of the United States", "Dental companies", "Life sciences industry", "Orphan drug companies", "Personal care companies"], "United Technologies": ["Conglomerate companies of the United States", "Engineering companies of the United States", "United Technologies Corporation"], "Citigroup Inc.": ["Citigroup", "Financial services companies based in New York City", "Global systemically important banks", "Pages using New York City Subway service templates", "Subprime mortgage crisis"], "PayPal": ["Android Wear software", "Financial technology companies", "Foreign exchange companies", "Information technology companies of the United States", "Internet companies of the United States", "Payment systems", "Security companies"], "Monster Beverage": ["Beverage companies of the United States", "Tea companies"], "The Clorox Company": ["Chemical companies of the United States", "Clorox brands", "Multinational companies"], "General Electric": ["Conglomerate companies of the United States", "Electrical engineering companies", "Electrical wiring and construction supplies manufacturers", "Electronics companies of the United States", "GIS companies", "Home appliance manufacturers", "Home appliance manufacturers of the United States", "Lighting brands", "Manufacturing companies of the United States", "Marine engine manufacturers", "Military equipment of the United States", "Photography companies of the United States", "Power engineering", "Time-sharing companies", "Wikipedia articles with BNF identifiers"], "Tegna": ["Television broadcasting companies of the United States"], "Comerica Inc.": ["Financial services companies of the United States"], "CenturyLink Inc": ["CenturyLink", "Cloud computing providers", "Cloud infrastructure", "Internet service providers of the United States", "Pay telephone operators of the United States", "Telecommunications companies of the United States"], "CIGNA Corp.": ["Insurance companies of the United States"], "Paychex Inc.": ["Business services companies of the United States", "Company stubs"], "SunTrust Banks": ["Economy of Richmond, Virginia"], "AutoNation Inc": ["Auto dealerships of the United States", "Retail companies of the United States"], "AT&T Inc": ["Bell System", "Internet service providers of the United States", "Telecommunications companies of the United States"], "Precision Castparts": ["Aerospace companies of the United States", "Defense companies of the United States"], "KeyCorp": [], "Dominion Resources": ["Dominion Resources", "Hydroelectric power companies of the United States", "Natural gas companies of the United States", "Nuclear power companies of the United States", "Power companies of the United States"], "NASDAQ OMX Group": ["Financial services companies based in New York City"], "The Travelers Companies Inc.": ["Insurance companies of the United States", "The Travelers Companies"], "Mondelez International": ["Chocolate companies", "Confectionery companies of the United States", "Snack companies of the United States"], "Marriott Int'l.": ["Hospitality companies of the United States"], "Thermo Fisher Scientific": ["Biotechnology companies of the United States", "Research support companies", "X-ray equipment manufacturers"], "Huntington Bancshares": [], "F5 Networks": ["Networking companies of the United States", "Networking software companies", "Software companies based in Washington (state)"], "Alliance Data Systems": ["Business models", "Customer loyalty programs", "Strategic management"], "ONEOK": ["Energy companies of the United States", "Natural gas companies of the United States", "Natural gas pipeline companies"], "Regeneron": ["Biotechnology companies of the United States", "Life sciences industry", "Pharmaceutical companies of the United States"], "Nucor Corp.": ["Steel companies of the United States"], "Under Armour": ["Sporting goods manufacturers of the United States", "Sportswear brands"], "NiSource Inc.": ["Energy companies of the United States", "United States energy company stubs"], "Marsh & McLennan": ["Financial services companies of the United States", "Insurance companies of the United States"], "E*Trade": [], "American Electric Power": ["Nuclear power companies of the United States", "Power companies of the United States"], "L Brands Inc.": ["Clothing retailers of the United States"], "Varian Medical Systems": ["Medical equipment", "Private providers of NHS services"], "Ford Motor": ["Bus manufacturers", "Car manufacturers of the United States", "Defense companies of the United States", "Electric vehicle manufacturers", "Emergency services equipment makers", "Ford Motor Company", "Motor vehicle battery manufacturers", "Motor vehicle manufacturers of the United States", "Tractor manufacturers of the United States", "Truck manufacturers"], "TE Connectivity Ltd.": ["Electronics companies of Switzerland"], "Aon plc": ["Actuarial firms", "Human resource management consulting firms", "Insurance companies of the United Kingdom", "International management consulting firms", "Management consulting firms of the United Kingdom"], "Lennar Corp.": [], "Snap-On Inc.": ["Automotive tool manufacturers", "Tool manufacturing companies of the United States"], "Prologis": ["Real estate companies of the United States", "Real estate investment trusts of the United States"], "Anadarko Petroleum Corp": ["Multinational oil companies", "Natural gas companies of the United States", "Oil companies of the United States"], "Hewlett Packard Enterprise": ["Company stubs", "Information technology companies of the United States", "Technology companies based in the San Francisco Bay Area"], "Waste Management Inc.": ["Multinational companies", "Waste management companies of Canada", "Waste management companies of the United States"], "Newmont Mining Corp. (Hldg. Co.)": ["Gold mining companies of the United States", "Newmont Mining Corporation"], "People's United Financial": [], "JPMorgan Chase & Co.": ["Financial services companies based in New York City", "Global systemically important banks"], "Universal Health Services, Inc.": [], "Amphenol Corp A": ["Electronics companies of the United States"], "Wynn Resorts Ltd": ["Gambling companies of the United States", "Hospitality companies of the United States"], "Ventas Inc": [], "Celgene Corp.": ["Biotechnology companies of the United States", "Life sciences industry", "Orphan drug companies"], "Newfield Exploration Co": ["Natural gas companies of the United States", "Oil companies of the United States"], "Cognizant Technology Solutions": ["Call centre companies", "Information technology companies of the United States", "Information technology consulting firms", "International information technology consulting firms", "Management consulting firms", "Outsourcing companies"], "Schlumberger Ltd.": ["Drilling rig operators", "Economy of Houston, Texas", "Energy companies of the United States", "Multinational companies", "Schlumberger"], "Agilent Technologies Inc": ["Biotechnology companies of the United States", "Instrument-making corporations", "Research support companies", "Technology companies based in the San Francisco Bay Area"], "Stryker Corp.": [], "Intercontinental Exchange": ["Economy of London", "Energy companies of the United States", "Energy exchanges", "Petroleum economics", "Petroleum organizations"], "Omnicom Group": ["Advertising agencies of the United States"], "PVH Corp.": ["Clothing brands of the United States", "Private equity portfolio companies"], "Constellation Brands": ["Wine companies"], "Robert Half International": ["Human resource management consulting firms"], "Cincinnati Financial": ["Insurance companies of the United States", "United States financial services company stubs"], "Pitney-Bowes": ["Customer communications management", "Electronics companies", "Office supply companies"], "Baxter International Inc.": ["Health care companies of the United States", "Life sciences industry", "Multinational companies", "Orphan drug companies"], "Pfizer Inc.": ["Companies listed on the Bombay Stock Exchange", "Life sciences industry", "Orphan drug companies", "Pfizer", "Pharmaceutical companies of the United States"], "Wyndham Worldwide": ["Blackstone Group companies", "Hospitality companies of the United States", "Ryman Hospitality Properties"], "Avery Dennison Corp": ["Office supply companies of the United States", "Radio-frequency identification companies"], "Amgen Inc": ["Amgen", "Biotechnology companies of the United States", "Life sciences industry", "Orphan drug companies", "Pharmaceutical companies of the United States"], "American Express Co": ["Credit card issuer associations", "Financial services companies based in New York City", "Foreign exchange companies", "Payment systems"], "ACE Limited": ["Insurance companies of Bermuda", "Insurance companies of Switzerland"], "Illinois Tool Works": ["Tool manufacturing companies of the United States"], "Phillips 66": ["Automotive fuel brands", "Natural gas pipeline companies", "Oil companies of the United States"], "Analog Devices, Inc.": ["HSA Foundation members", "Semiconductor companies of the United States"], "Chevron Corp.": ["Automotive companies of the United States", "Automotive fuel brands", "Chemical companies of the United States", "Chevron Corporation", "Oil companies of the United States"], "BorgWarner": ["Auto parts suppliers of the United States", "Automotive transmission makers"], "Endo International": ["Life sciences industry", "Pharmaceutical companies of the United States"], "Interpublic Group": ["Advertising agencies of the United States", "Holding companies of the United States", "Interpublic Group"], "3M Company": ["Conglomerate companies of the United States", "Nanotechnology companies", "National Medal of Technology recipients", "Office supply companies of the United States", "Renewable energy technology", "Telecommunications equipment vendors"], "Linear Technology Corp.": ["Technology companies based in the San Francisco Bay Area"], "McDonald's Corp.": ["Fast-food chains of Australia", "Fast-food chains of Singapore", "Multinational food companies", "Wikipedia articles with BNF identifiers"], "Perrigo": ["Generic drug manufacturers", "Pharmaceutical companies of Ireland"], "Quest Diagnostics": [], "Nielsen Holdings": ["Carlyle Group", "Kohlberg Kravis Roberts companies", "Magazine publishing companies of the United States", "Marketing research companies of the United States", "Private equity portfolio companies"], "Starbucks Corp.": ["Android (operating system) software", "Culture of Seattle, Washington", "IOS software", "WatchOS software"], "Cimarex Energy": ["Natural gas companies of the United States", "Oil companies of the United States", "Petroleum company stubs"], "Caterpillar Inc.": ["Construction equipment manufacturers", "Defense companies of the United States", "Diesel engine manufacturers", "Locomotive engine manufacturers", "Marine engine manufacturers", "Mining equipment companies", "Tractor manufacturers of the United States", "Vehicle manufacturers of the United States"], "Crown Castle International Corp.": ["Telecommunications companies of the United States", "United States telecommunications company stubs"], "Bard (C.R.) Inc.": ["Biotechnology companies of the United States"], "International Bus. Machines": ["Cloud computing providers", "Computer companies of the United States", "Computer hardware companies", "Computer storage companies", "Display technology companies", "Electronics companies of the United States", "Foundry semiconductor companies", "National Medal of Technology recipients", "Outsourcing companies", "Point of sale companies", "Semiconductor companies", "Storage Area Network companies", "Wikipedia articles with BNF identifiers", "Wikipedia articles with NLA identifiers"], "Chipotle Mexican Grill": ["Company spin-offs"], "Tesoro Petroleum Co.": ["Oil companies of the United States"], "Xilinx Inc": ["Electronic design automation companies", "Electronics companies of the United States", "Fabless semiconductor companies", "Technology companies based in the San Francisco Bay Area"], "Freeport-McMoran Cp & Gld": ["Copper mining companies of the United States", "Gold mining companies of the United States", "Mining companies of the United States", "Oil companies of the United States"], "CME Group Inc.": ["Chicago Board of Trade", "Financial services companies of the United States"], "Starwood Hotels & Resorts": ["Hospitality companies of the United States", "Starwood Hotels and Resorts Worldwide"], "Applied Materials Inc": ["Computer hardware companies", "Electronics companies of the United States", "Equipment semiconductor companies", "Thin-film cell manufacturers"], "Time Warner Inc.": ["Conglomerate companies of the United States", "Entertainment companies of the United States", "Internet companies of the United States", "Magazine publishing companies of the United States", "Media companies of the United States", "Telecommunications companies of the United States", "Turner Broadcasting System"], "Pepco Holdings Inc.": ["Power companies of the United States"], "EQT Corporation": ["Natural gas companies of the United States", "Oil companies of the United States"], "Harman Int'l Industries": ["Harman International Industries", "Kohlberg Kravis Roberts companies"], "Keurig Green Mountain": [], "Carmax Inc": ["Auto dealerships of the United States", "Retail companies of the United States"], "Advance Auto Parts": ["Automotive part retailers of the United States"], "Oracle Corp.": ["Business software companies", "CRM software companies", "Cloud computing providers", "Computer companies of the United States", "Development software companies", "ERP software companies", "HSA Foundation members", "Linux companies", "Oracle Corporation", "Software companies based in the San Francisco Bay Area", "Supply chain software companies", "Technology companies based in the San Francisco Bay Area", "Wikipedia articles with NLA identifiers"], "Southern Co.": ["Hydroelectric power companies of the United States", "Nuclear power companies of the United States", "Power companies of the United States", "Southern Company"], "LyondellBasell": ["Chemical companies of the United States"], "Twenty-First Century Fox Class A": ["Companies formerly listed on the Australian Securities Exchange", "Entertainment companies of the United States", "Media companies based in New York City", "Media companies of the United States", "News Corporation"], "Twenty-First Century Fox Class B": ["Companies formerly listed on the Australian Securities Exchange", "Entertainment companies of the United States", "Media companies based in New York City", "Media companies of the United States", "News Corporation"], "Goodyear Tire & Rubber": ["Automotive companies of the United States", "Goodyear Tire and Rubber Company", "Tire manufacturers", "U.S. Synthetic Rubber Program", "Wikipedia articles with BNF identifiers"], "General Dynamics": ["Aircraft manufacturers of the United States", "Conglomerate companies of the United States", "Defense companies of the United States", "Shipbuilding companies of the United States"], "Pinnacle West Capital": ["Nuclear power companies of the United States", "Power companies of the United States"], "Wal-Mart Stores": ["Online retail companies of the United States"], "Whirlpool Corp.": ["HVAC manufacturing companies", "Home appliance brands", "Home appliance manufacturers", "Home appliance manufacturers of the United States", "Whirlpool Corporation brands"], "Colgate-Palmolive": ["Cosmetics companies of the United States", "Dental companies", "Personal care companies"], "J. B. Hunt Transport Services": ["Trucking companies of the United States"], "General Mills": ["Brand name food products", "Breakfast cereal companies", "Food production companies of the United States", "Multinational food companies"], "Automatic Data Processing": ["Business services companies of the United States"], "PACCAR Inc.": ["Motor vehicle manufacturers of the United States", "National Medal of Technology recipients", "Truck manufacturers"], "BB&T Corporation": [], "Discovery Communications-A": ["American cable network groups", "Discovery Communications", "Media companies of the United States"], "Gap (The)": ["Clothing brands of the United States", "Clothing retailers of the United States", "Financial District, San Francisco", "Gap brands"], "Pioneer Natural Resources": ["Natural resources organizations"], "Ingersoll-Rand PLC": ["Construction equipment manufacturers", "Pneumatic tool manufacturers", "Power tools", "Tool manufacturers"], "Netflix Inc.": ["Online retail companies of the United States", "Recommender systems", "Video on demand services", "Video rental services"], "Cablevision Systems Corp.": ["Cable television companies of the United States", "Cablevision", "SportsChannel"], "Garmin Ltd.": ["Avionics companies", "Electronics companies", "Electronics companies of the United States", "Fishing manufacturers and suppliers", "Garmin", "Global Positioning System", "Marine electronics", "Navigation system companies"], "DaVita Inc.": ["Health care companies of the United States"], "Apartment Investment & Mgmt": ["Financial services companies of the United States"], "Diamond Offshore Drilling": ["Drilling rig operators"], "Plum Creek Timber Co.": ["Financial services companies of the United States", "Forest products companies of the United States", "Pulp and paper companies of the United States", "Real estate companies of the United States", "Real estate investment trusts of the United States"], "CSRA Inc.": [], "Halliburton Co.": ["Drilling rig operators", "Economy of Anchorage, Alaska", "Economy of Bakersfield, California", "Economy of Denver, Colorado", "Economy of Lafayette, Louisiana", "Energy companies of the United States", "Engineering companies of the United States", "Halliburton", "Oilfield services companies"], "Zions Bancorp": ["History of the Latter Day Saint movement"], "Ameriprise Financial": ["Financial services companies of the United States"], "Vulcan Materials": ["Mining companies of the United States", "United States manufacturing company stubs"], "Union Pacific": ["Companies operating former Chicago, Burlington and Quincy Railroad lines", "Companies operating former Chicago, Milwaukee, St. Paul and Pacific Railroad lines", "Companies operating former Chicago, Rock Island and Pacific Railroad lines", "Companies operating former Chicago and Eastern Illinois Railroad lines", "Companies operating former Chicago and North Western Transportation Company lines", "Companies operating former Denver and Rio Grande Western Railroad lines", "Companies operating former Gulf, Mobile and Ohio Railroad lines", "Companies operating former Illinois Central Railroad lines", "Companies operating former Missouri Pacific Railroad lines", "Companies operating former Missouri\u2013Kansas\u2013Texas Railroad lines", "Companies operating former New York Central Railroad lines", "Companies operating former Northern Pacific Railway lines", "Companies operating former Southern Pacific Transportation Company lines", "Companies operating former St. Louis Southwestern Railway lines", "Companies operating former St. Louis\u2013San Francisco Railway lines", "Companies operating former Union Pacific Railroad lines", "Companies operating former Western Pacific Railroad lines", "Union Pacific Railroad"], "Hartford Financial Svc.Gp.": ["ITT Corporation", "Investment management companies of the United States", "Life insurance companies of the United States"], "SCANA Corp": ["Hydroelectric power companies of the United States", "Natural gas companies of the United States", "Nuclear power companies of the United States", "Power companies of the United States"], "CenterPoint Energy": ["Natural gas companies of the United States", "Power companies of the United States"], "The Coca Cola Company": ["Beverage companies of the United States", "Multinational food companies", "Wikipedia articles with BNF identifiers"], "Range Resources Corp.": ["Natural gas companies of the United States"], "United Rentals, Inc.": ["Construction equipment rental companies", "Private equity portfolio companies"], "Macy's Inc.": ["Clothing retailers of the United States", "Holding companies of the United States", "Private equity portfolio companies"], "Eastman Chemical": ["Chemical companies of the United States"], "Franklin Resources": ["Investment management companies of the United States"], "Southwestern Energy": ["Energy companies of the United States", "Natural gas companies of the United States"], "Delphi Automotive": ["Auto parts suppliers", "Automotive companies of the United States"], "Invesco Ltd.": ["Alternative investment management companies", "Companies formerly listed on the London Stock Exchange", "Investment management companies of the United States"], "Mastercard Inc.": ["Credit card issuer associations", "Financial services companies of the United States"], "Transocean": ["Companies of Switzerland", "Drilling rig operators", "Energy engineering and contractor companies"], "Waters Corporation": [], "Best Buy Co. Inc.": ["Consumer electronics retail companies of the United States", "Consumer electronics retailers of Canada", "Online retail companies of the United States"], "Rockwell Automation Inc.": ["Industrial software", "MES software", "Manufacturers of industrial automation"], "Estee Lauder Cos.": ["Cosmetics companies of the United States", "Est\u00e9e Lauder Companies", "History of cosmetics"], "Michael Kors Holdings": ["Fashion Institute of Technology alumni", "High fashion brands", "LGBT fashion designers"], "The Walt Disney Company": ["Conglomerate companies of the United States", "Entertainment companies of the United States", "Media companies of the United States", "The Walt Disney Company", "Wikipedia articles with BNF identifiers", "Wikipedia articles with MusicBrainz identifiers"], "Mead Johnson": ["Baby food manufacturers"], "EMC Corp.": ["Computer companies of the United States", "Computer storage companies", "Customer communications management", "EMC Corporation", "Storage Area Network companies"], "Helmerich & Payne": ["Company stubs", "Energy companies of the United States", "Oilfield services companies"], "Mattel Inc.": ["Card game publishing companies", "Doll manufacturing companies", "Mattel", "Multinational companies", "Toy brands", "Toy companies of the United States"], "Sempra Energy": ["Energy companies of the United States", "Natural gas companies of the United States", "Power companies of the United States"], "Navient": ["Financial services companies of the United States", "Student financial aid"], "Exxon Mobil Corp.": ["Automotive fuel brands", "Chemical companies of the United States", "ExxonMobil", "Multinational oil companies", "Natural gas companies of the United States", "Oil companies of the United States"], "Loews Corp.": ["Conglomerate companies of the United States"], "Tiffany & Co.": ["High fashion brands", "Jewelry retailers of the United States", "Watch manufacturing companies of the United States", "Wikipedia articles with BNF identifiers"], "Ryder System": ["Logistics companies of the United States", "Trucking industry in the United States"], "Unum Group": ["Insurance companies of the United States"], "Sherwin-Williams": [], "Pulte Homes Inc.": ["Company stubs", "Construction and civil engineering companies of the United States"], "Chesapeake Energy": ["Natural gas companies of the United States"], "Eaton Corporation": ["Aircraft manufacturers of the United States", "Auto parts suppliers of the United States", "Automotive transmission makers", "Electrical engineering companies"], "Goldman Sachs Group": ["Financial services companies based in New York City", "Global systemically important banks", "Subprime mortgage crisis", "Subprime mortgage lenders", "Wikipedia articles with BNF identifiers"], "Wells Fargo": ["Financial District, San Francisco", "Global systemically important banks", "Online brokerages"], "Spectra Energy Corp.": ["Natural gas companies of the United States", "Natural gas pipeline companies"], "Dr Pepper Snapple Group": ["Beverage companies of the United States", "Dr Pepper Snapple Group"], "Legg Mason": ["Investment management companies of the United States"], "CBS Corp.": ["Broadcasting companies of the United States", "CBS Corporation", "Entertainment companies of the United States", "Media companies based in New York City", "Media companies of the United States"], "Salesforce.com": ["CRM software companies", "Cloud computing providers", "Customer relationship management software"], "Republic Services Inc": ["Waste management companies of the United States"], "AGL Resources Inc.": ["Natural gas companies of the United States"], "Intl Flavors & Fragrances": ["Chemical companies of the United States", "Flavor companies", "Fragrance companies"], "Kinder Morgan": ["Carlyle Group", "Natural gas companies of the United States", "Oil companies of the United States", "Private equity portfolio companies"], "Archer-Daniels-Midland Co": ["Chemical companies of the United States", "Food production companies of the United States", "Grain companies of the United States", "Starch companies"], "GameStop Corp.": ["GameStop", "Video game retailers in the United Kingdom", "Video game retailers of the United States"], "Fiserv Inc": ["Financial services companies of the United States", "Financial technology companies", "Information technology consulting firms of the United States", "Private equity portfolio companies"], "Apple Inc.": ["Computer companies of the United States", "Computer hardware companies", "Display technology companies", "Electronics companies", "Electronics companies of the United States", "Home computer hardware companies", "Mobile phone manufacturers", "Networking hardware companies", "Portable audio player manufacturers", "Retail companies of the United States", "Software companies based in the San Francisco Bay Area", "Technology companies based in the San Francisco Bay Area", "Technology companies of the United States", "Wikipedia articles with BNF identifiers", "Wikipedia articles with MusicBrainz identifiers", "Wikipedia articles with NLA identifiers"], "M&T Bank Corp.": [], "Noble Energy Inc": ["Natural gas companies of the United States", "Oil companies of the United States"], "Zimmer Biomet Holdings": ["Medical company stubs", "Medical equipment manufacturers"], "Ameren Corp": ["Hydroelectric power companies of the United States", "Nuclear power companies of the United States", "Power companies of the United States"], "Teradata Corp.": ["Big data companies", "Data warehousing products", "NCR Corporation", "Teradata"], "Whole Foods Market": ["Food retailers of the United States", "Retail companies of the United Kingdom", "Retail companies of the United States"], "PerkinElmer": ["Instrument-making corporations", "Technology companies of the United States"], "Visa Inc.": ["Credit card issuer associations", "Credit card terminology", "Financial District, San Francisco", "Financial services", "Financial services companies of the United Kingdom", "Financial services companies of the United States"], "Dollar Tree": ["Private equity portfolio companies"], "Expeditors Int'l": ["Logistics companies of the United States"], "Patterson Companies": ["Dental companies", "Distributors"], "Darden Restaurants": ["Catering and food service companies of the United States", "Darden Restaurants brands"], "Norfolk Southern Corp.": ["Companies operating former Atlantic Coast Line Railroad lines", "Companies operating former Baltimore and Ohio Railroad lines", "Companies operating former Central Railroad of New Jersey lines", "Companies operating former Central of Georgia Railway lines", "Companies operating former Chicago and Eastern Illinois Railroad lines", "Companies operating former Chicago and North Western Transportation Company lines", "Companies operating former Delaware, Lackawanna and Western Railroad lines", "Companies operating former Erie Railroad lines", "Companies operating former Gulf, Mobile and Ohio Railroad lines", "Companies operating former Illinois Central Railroad lines", "Companies operating former Lehigh Valley Railroad lines", "Companies operating former Louisville and Nashville Railroad lines", "Companies operating former Missouri Pacific Railroad lines", "Companies operating former Missouri\u2013Kansas\u2013Texas Railroad lines", "Companies operating former New York, Chicago and St. Louis Railroad lines", "Companies operating former New York, New Haven and Hartford Railroad lines", "Companies operating former New York Central Railroad lines", "Companies operating former Norfolk Southern Railway (1942-1982) lines", "Companies operating former Norfolk and Western Railway lines", "Companies operating former Pennsylvania-Reading Seashore Lines lines", "Companies operating former Pennsylvania Railroad lines", "Companies operating former Reading Company lines", "Companies operating former Southern Railway (U.S.) lines", "Companies operating former Wabash Railroad lines"], "Eversource Energy": ["Hydroelectric power companies of the United States", "Power companies of the United States"], "Praxair Inc.": ["Chemical companies of the United States"], "Hormel Foods Corp.": ["Brand name meats", "Food production companies of the United States", "Hormel", "Meatpacking", "Sausage companies", "United States meat packing companies"], "Bristol-Myers Squibb": ["Bristol-Myers Squibb", "Dental companies", "Life sciences industry", "National Medal of Technology recipients", "Orphan drug companies", "Pharmaceutical companies of the United States"], "Discovery Communications-C": ["American cable network groups", "Discovery Communications", "Media companies of the United States"], "Signet Jewelers": ["Jewellery retailers of the United Kingdom", "Retail companies of Bermuda"], "CA, Inc.": ["CA Technologies", "Computer companies", "Computer companies of the United States", "Financial technology companies"], "Tyco International": ["Companies formerly listed on the London Stock Exchange", "Fire detection and alarm companies", "Service companies of Switzerland", "Tyco International"], "PPG Industries": ["Chemical companies of the United States", "Glassmaking companies"], "Du Pont (E.I.)": ["Biotechnology companies", "Chemical companies", "Chemical companies of the United States", "Conglomerate companies of the United States", "Engineering companies of the United States", "Nanotechnology companies", "National Medal of Technology recipients", "Plastics companies"], "NextEra Energy": ["Energy company stubs", "Power companies of the United States"], "Capital One Financial": [], "Scripps Networks Interactive Inc.": ["American cable network groups", "Scripps Cable Networks"], "Priceline.com Inc": ["Online retail companies of the United States"], "CBRE Group": ["Commercial real estate companies", "Property services companies of the United Kingdom", "Real estate services companies of the United States"], "Frontier Communications": ["Internet service providers of the United States", "Telecommunications companies of the United States"], "Simon Property Group Inc": ["Real estate companies of the United States", "Real estate investment trusts of the United States", "Shopping property management firms", "Simon Property Group"], "Dow Chemical": ["Chemical companies", "Chemical companies of the United States", "Conglomerate companies of the United States", "Dow Chemical Company", "National Medal of Technology recipients", "Plastics companies", "Plastics industry"], "Equinix": [], "Urban Outfitters": ["Clothing retailers of the United States"], "Lincoln National": ["Financial services companies of the United States", "Life insurance companies"], "Viacom Inc.": ["Conglomerate companies of the United States", "Media companies based in New York City", "Viacom"], "Allegion": ["Company spin-offs", "United States company stubs"], "Berkshire Hathaway": ["Conglomerate companies of the United States", "History of the textile industry", "Holding companies of the United States", "Insurance companies of the United States", "Investment companies of the United States", "Reinsurance companies", "Television broadcasting companies of the United States"], "Nordstrom": ["Clothing retailers of the United States", "Department stores of Canada", "Department stores of the United States"], "Comcast A Corp": ["Cable television companies of the United States", "Conglomerate companies of the United States", "Culture of Philadelphia, Pennsylvania", "Entertainment companies of the United States", "Internet service providers of the United States", "Media companies of the United States", "NBCUniversal", "Security companies", "Telecommunications companies of the United States", "VoIP companies of the United States"], "McCormick & Co.": ["Flavor companies", "Food production companies of the United States"], "Time Warner Cable Inc.": ["American cable network groups", "Cable television companies of the United States", "Former Time Warner subsidiaries", "Media companies of the United States", "VoIP companies of the United States"], "MetLife Inc.": ["Former mutual insurance companies", "Insurance companies based in New York City", "Life insurance companies", "MetLife"], "Ross Stores": ["Clothing retailers of the United States"], "EOG Resources": ["Economy of Calgary", "Economy of Corpus Christi, Texas", "Economy of Denver, Colorado", "Economy of Fort Worth, Texas", "Economy of London", "Economy of Pittsburgh, Pennsylvania", "Oil companies of the United States"], "Air Products & Chemicals Inc": ["Chemical companies of the United States"], "Nvidia Corporation": ["Computer companies of the United States", "Electronics companies of the United States", "Fabless semiconductor companies", "Graphics hardware companies", "Video game companies of the United States"], "Edison Int'l": ["Holding companies of the United States", "Power companies of the United States"], "FirstEnergy Corp": ["FirstEnergy", "Hydroelectric power companies of the United States", "Natural gas companies of the United States", "Nuclear power companies of the United States", "Power companies of the United States"], "Regions Financial Corp.": ["Regions Financial Corporation"], "Jacobs Engineering Group": ["Construction and civil engineering companies of the United States", "Engineering companies of the United States", "Engineering consulting firms"], "Synchrony Financial": ["Financial services companies of the United States"], "Public Storage": ["Financial services companies of the United States", "Storage companies"], "Western Union Co": ["Clock brands", "Financial services companies of the United States", "Foreign exchange companies", "Telecommunications companies of the United States", "Telegraph companies of the United States"], "Harris Corporation": ["Cold type foundries", "Defense companies of the United States", "Electronics companies of the United States", "Military equipment of the United States", "Type foundries"], "V.F. Corp.": ["Clothing companies of the United States"], "Ball Corp": ["Packaging companies", "Pearson PLC"], "Johnson Controls": ["Auto parts suppliers of the United States", "Conglomerate companies of the United States", "Electric vehicle battery manufacturers", "HVAC manufacturing companies", "Motor vehicle battery manufacturers"], "Roper Industries": ["Conglomerate companies of the United States", "Photography companies of the United States", "Technology companies of the United States"], "C. H. Robinson Worldwide": ["Logistics companies of the United States", "Outsourcing companies"], "Yum! Brands Inc": ["Food companies of the United States", "Multinational food companies"], "Entergy Corp.": ["Entergy", "Hydroelectric power companies of the United States", "Natural gas companies of the United States", "Natural gas pipeline companies", "Nuclear power companies of the United States", "Power companies of the United States"], "Electronic Arts": ["Academy of Interactive Arts & Sciences members", "Electronic Arts", "Entertainment Software Association", "International Game Developers Association members", "Mac software companies", "Multinational companies", "Video game companies of the United States", "Video game development companies", "Video game publishers", "Wargame companies", "Wikipedia articles with BNF identifiers"], "BIOGEN IDEC Inc.": ["Biotechnology companies of the United States", "Life sciences industry", "National Medal of Technology recipients", "Orphan drug companies", "Pharmaceutical companies of the United States"], "Quanta Services Inc.": ["Construction and civil engineering companies of the United States", "Engineering companies of the United States"], "Xylem Inc.": ["ITT Corporation", "Manufacturing companies of the United States"], "Xcel Energy Inc": ["Hydroelectric power companies of the United States", "Natural gas companies of the United States", "Nuclear power companies of the United States", "Power companies of the United States", "Xcel Energy"], "Microchip Technology": ["Electronics companies of the United States", "Microchip Technology hardware", "Semiconductor companies"], "Brown-Forman Corporation": ["Beverage companies of the United States", "Wine companies"], "Mohawk Industries": ["Carpet manufacturing companies"], "International Paper": ["Pulp and paper companies of the United States"], "AutoZone Inc": ["Automotive part retailers of the United States"], "Campbell Soup": ["Campbell Soup Company", "Food production companies of the United States"], "Boeing Company": ["Aerospace companies of the United States", "Aircraft manufacturers of the United States", "Defense companies of the United States", "History of Seattle, Washington", "Rocket engine manufacturers", "Space Act Agreement companies", "Wind turbine manufacturers"], "Amazon.com Inc": ["Arts and crafts retailers", "Cloud computing providers", "E-book suppliers", "Internet companies of the United States", "Mobile phone manufacturers", "Online companies", "Online music stores", "Online retail companies of the United States", "Self-publishing companies", "Software companies based in Washington (state)", "Wikipedia articles with BNF identifiers"], "BlackRock": ["Financial services companies based in New York City", "Investment management companies of the United States"], "General Growth Properties Inc.": ["Real estate investment trusts of the United States", "Shopping property management firms"], "Iron Mountain Incorporated": ["Business services companies of the United States", "Computer storage companies", "Storage companies"], "Boston Properties": ["Company stubs", "Financial services companies of the United States", "Property management companies", "Real estate investment trusts of the United States"], "HCA Holdings": ["Bain Capital companies", "Hospital Corporation of America", "Kohlberg Kravis Roberts companies"], "Fidelity National Information Services": ["Financial technology companies", "Information technology company stubs"], "Exelon Corp.": ["Exelon", "Hydroelectric power companies of the United States", "Natural gas companies of the United States", "Nuclear power companies of the United States", "Power companies of the United States"], "News Corp. Class A": ["Conglomerate companies of the United States", "Media companies based in New York City", "Media companies of the United States", "News Corporation", "Publishing companies of the United States"], "Wisconsin Energy Corporation": ["Hydroelectric power companies of the United States", "Power companies of the United States"], "Northern Trust Corp.": [], "News Corp. Class B": ["Conglomerate companies of the United States", "Media companies based in New York City", "Media companies of the United States", "News Corporation", "Publishing companies of the United States"], "Texas Instruments": ["Electronic calculator companies", "Electronics companies of the United States", "HSA Foundation founding members", "Home computer hardware companies", "Information technology companies of the United States", "Semiconductor companies of the United States"], "Reynolds American Inc.": ["Manufacturing companies of the United States", "R. J. Reynolds Tobacco Company", "Tobacco companies of the United States"], "Laboratory Corp. of America Holding": ["Health care companies of the United States", "Life sciences industry"], "Consolidated Edison": ["Power companies of the United States"], "Aetna Inc": ["Aetna", "Dental companies", "Health maintenance organizations", "Insurance companies of the United States", "Life insurance companies"], "Microsoft Corp.": ["Business software companies", "CRM software companies", "Cloud computing providers", "Computer hardware companies", "ERP software companies", "Electronics companies of the United States", "Information technology companies of the United States", "Internet companies of the United States", "Mobile phone manufacturers", "Software companies based in Washington (state)", "Web service providers", "Wikipedia articles with BNF identifiers", "Wikipedia articles with NLA identifiers"], "Altria Group Inc": ["Altria Group", "Conglomerate companies of the United States", "Multinational food companies", "Tobacco companies of the United States"], "SanDisk Corporation": ["Computer memory companies", "Electronics companies of the United States", "Portable audio player manufacturers", "SanDisk"], "Qorvo": [], "Corning Inc.": ["Glassmaking companies", "Networking hardware companies", "Wire and cable manufacturers"], "Host Hotels & Resorts": ["Hospitality companies of the United States"], "CF Industries Holdings Inc": ["Agricultural supply cooperatives", "Fertilizer companies", "United States manufacturing company stubs"], "Humana Inc.": ["Insurance companies of the United States"], "Hasbro Inc.": ["Doll manufacturing companies", "Game manufacturers", "Hasbro", "Multinational companies", "Toy brands", "Toy companies of the United States"], "Royal Caribbean Cruises Ltd": ["Companies listed on the Oslo Stock Exchange"], "Verisign Inc.": ["Computer companies of the United States", "Domain name system"], "Baxalta": ["Biopharmaceutical companies", "Biotechnology companies", "Biotechnology companies of the United States", "Company stubs"], "Molson Coors Brewing Company": ["Canadian brewing companies", "Companies listed on the Toronto Stock Exchange", "Molson Coors Brewing Company"], "Raytheon Co.": ["Aerospace companies of the United States", "Defense companies of the United States", "Electronics companies of the United States", "Guided missile manufacturers", "Raytheon"], "Equity Residential": ["Real estate investment trusts of the United States"], "Carnival Corp.": ["Carnival Corporation & plc", "Companies listed on the London Stock Exchange", "Companies of Panama", "P&O (company)", "Shipping companies of the United Kingdom", "Travel and holiday companies of the United Kingdom"], "Essex Property Trust Inc": [], "FedEx Corporation": ["Logistics companies of the United States", "Multinational companies", "Transportation companies of the United States", "Trucking industry in the United States"], "O'Reilly Automotive": ["Automotive part retailers of the United States"], "CMS Energy": ["CMS Energy", "Natural gas companies of the United States", "Power companies of the United States"], "Sysco Corp.": ["Catering and food service companies of the United States"], "PPL Corp.": ["Hydroelectric power companies of the United States", "Natural gas companies of the United States", "NorthWestern Corporation dams", "Nuclear power companies of the United States", "Power companies of the United States"], "Mylan N.V.": ["Life sciences industry", "Pharmaceutical companies of the United States"], "Equifax Inc.": ["Business services companies of the United States", "Credit rating agencies in India", "Financial services companies of the United States"], "Skyworks Solutions": ["Fabless semiconductor companies"], "KLA-Tencor Corp.": ["Equipment semiconductor companies"], "Kellogg Co.": ["Brand name food products", "Breakfast cereal companies", "Kellogg Company"], "Baker Hughes Inc": ["Drilling rig operators", "Economy of Lafayette, Louisiana", "Energy companies of the United States", "Oil companies of the United States"], "Ecolab Inc.": ["Chemical companies of the United States"], "Principal Financial Group": ["Financial services companies of the United States", "Former mutual insurance companies", "Life insurance companies"], "Murphy Oil": ["Automotive fuel brands", "Oil companies of the United States"], "Welltower Inc.": ["United States company stubs"], "Fluor Corp.": ["Construction and civil engineering companies of the United States", "Oilfield services companies"], "Fastenal Co": ["Industrial supply companies"], "Masco Corp.": ["Private equity portfolio companies"], "Weyerhaeuser Corp.": ["Forest products companies of the United States", "Multinational companies", "Pulp and paper companies of the United States", "Real estate investment trusts of the United States", "Weyerhaeuser"], "Yahoo Inc.": ["Alibaba Group", "Companies in the PRISM network", "Internet companies of the United States", "Internet marketing companies", "Technology companies based in the San Francisco Bay Area", "Web service providers", "Websites by company"], "Micron Technology": ["Computer companies of the United States", "Computer memory companies", "Electronics companies of the United States", "Semiconductor companies of the United States"], "Textron Inc.": ["Conglomerate companies of the United States", "Defense companies of the United States", "Motor vehicle manufacturers of the United States", "Textron"], "Smucker (J.M.)": ["Brand name condiments", "Food production companies of the United States"], "Kimberly-Clark": ["Companies listed on the Bolsa Mexicana de Valores", "Personal care companies", "Pulp and paper companies of the United States"], "Abbott Laboratories": ["Abbott Laboratories", "Biotechnology companies of the United States", "Life sciences industry", "Multinational health care companies", "Pharmaceutical companies of the United States", "Veterinary medicine companies"], "TripAdvisor": ["Android (operating system) software", "IOS software", "TripAdvisor", "WatchOS software"], "Kohl's Corp.": ["Clothing retailers of the United States", "Department stores of the United States", "The Great Atlantic & Pacific Tea Company"], "Pentair Ltd.": ["Electronics companies of the United States"], "PG&E Corp.": ["Financial District, San Francisco", "Hydroelectric power companies of the United States", "Natural gas companies of the United States", "Nuclear power companies of the United States", "Pacific Gas and Electric Company", "Power companies of the United States"], "CVS Caremark Corp.": ["Economy of Nashville, Tennessee"], "NRG Energy": ["Electric vehicle industry", "Nuclear power companies of the United States", "Power companies of the United States"], "Marathon Oil Corp.": ["Automotive companies of the United States", "Chemical companies of the United States", "Natural gas companies of the United States", "Oil companies of the United States"], "Facebook": ["Android (operating system) software", "Bada software", "BlackBerry software", "Blog hosting services", "IOS software", "Internet companies of the United States", "Online gaming services", "Proprietary cross-platform software", "Social information processing", "Social networking services", "Symbian software"], "Genuine Parts": [], "Juniper Networks": ["Juniper Networks", "Networking companies of the United States", "Networking hardware companies", "Technology companies based in the San Francisco Bay Area"], "Edwards Lifesciences": ["Medical equipment manufacturers"], "Lilly (Eli) & Co.": ["Biotechnology companies of the United States", "Companies formerly listed on the Tokyo Stock Exchange", "Eli Lilly and Company", "Life sciences industry", "Orphan drug companies", "Pharmaceutical companies of the United States"], "American International Group, Inc.": ["Financial services companies based in New York City", "Insurance companies based in New York City", "Life insurance companies", "Reinsurance companies", "Subprime mortgage crisis"], "Morgan Stanley": ["Financial services companies based in New York City", "Global systemically important banks", "Mitsubishi UFJ Financial Group", "Subprime mortgage crisis", "Subprime mortgage lenders"], "St Jude Medical": [], "Procter & Gamble": ["Brand management", "Dental companies", "National Medal of Technology recipients", "Personal care companies", "Pharmaceutical companies of the United States", "Pulp and paper companies of the United States"], "Dover Corp.": ["Conglomerate companies of the United States"], "Verisk Analytics": [], "TECO Energy": ["Power companies of the United States"], "Western Digital": ["Computer storage companies"], "Verizon Communications": ["Bell System", "Cable television companies of the United States", "Internet service providers of the United States", "Pay telephone operators of the United States", "Telecommunications companies of the United States", "Verizon Communications"], "Church & Dwight": ["Chemical companies of the United States", "Church & Dwight brands", "Dental companies"], "Ensco plc": ["Drilling rig operators"], "Southwest Airlines": [], "Hess Corporation": ["Oil companies of the United States"], "Leggett & Platt": [], "HCP Inc.": ["Financial services companies of the United States", "United States company stubs"], "Kroger Co.": [], "Nike": ["Athletic shoe brands", "Clothing companies of the United States", "Nike brands", "Shoe companies of the United States", "Sporting goods manufacturers of the United States", "Sportswear brands", "Swimwear manufacturers", "Watch manufacturing companies of the United States"], "Express Scripts": [], "Fossil, Inc.": ["Clothing brands of the United States", "Clothing companies of the United States", "Watch manufacturing companies of the United States"], "Hanesbrands Inc": ["Clothing companies of the United States", "Hanes family", "Hosiery brands"], "CSX Corp.": ["United States railroad holding companies"], "Allergan plc": [], "SL Green Realty": ["Property management companies", "Real estate investment trusts of the United States"], "Leucadia National Corp.": ["Conglomerate companies of the United States"], "FMC Corporation": ["Chemical companies of the United States", "Emergency services equipment makers", "FMC Corporation"], "ConAgra Foods Inc.": ["ConAgra Foods", "Industrial agriculture", "Pasta companies", "Sausage companies"], "Dentsply International": ["Dental companies"], "Deere & Co.": ["Agriculture companies of the United States", "Construction equipment manufacturers", "Defense companies of the United States", "Engine manufacturers", "Engineering vehicles", "Garden tool manufacturers", "Power tool manufacturers", "Tractor manufacturers of the United States"], "Accenture plc": ["Accenture", "Companies of Ireland", "Economics consulting firms", "Information technology consulting firms of Ireland", "International information technology consulting firms", "International management consulting firms", "Management consulting", "Management consulting firms", "Management consulting firms of the United States", "Management organizations"], "Torchmark Corp.": ["Torchmark Corporation Subsidiaries"], "Medtronic plc": ["Health care companies of Ireland", "Life sciences industry", "Medical devices", "Medical equipment manufacturers", "Medtronic", "Private providers of NHS services"], "AmerisourceBergen Corp": ["Pharmaceutical companies of the United States"], "Tractor Supply Company": ["Farm and ranch supply stores of the United States", "Home improvement retailers of the United States"], "Chubb Corp.": ["Company stubs", "Insurance companies of the United States"], "Symantec Corp.": ["Business ethics", "Computer companies of the United States", "Computer security companies", "Computer security software companies", "Content-control software", "International information technology consulting firms", "Software companies based in the San Francisco Bay Area", "Symantec"], "Home Depot": ["Hardware stores of Canada", "Home improvement retailers of the United States", "Industrial supply companies"], "Emerson Electric Company": ["Electrical engineering companies", "Electronics companies of the United States", "Power tool manufacturers", "Tool manufacturing companies of the United States"], "Honeywell Int'l Inc.": ["Aerospace companies of the United States", "Aircraft component manufacturers of the United States", "Aircraft engine manufacturers of the United States", "Auto parts suppliers of the United States", "Avionics companies", "Conglomerate companies of the United States", "Defunct computer companies of the United States", "Electrical wiring and construction supplies manufacturers", "Electronic design", "Electronics companies of the United States", "Engineering companies of the United States", "Honeywell", "Instrument-making corporations"], "Intel Corp.": ["Computer companies of the United States", "Computer hardware companies", "Foundry semiconductor companies", "Intel Corporation", "Intel microprocessors", "Mobile phone manufacturers", "Motherboard companies", "Netbook manufacturers", "Semiconductor companies", "Semiconductor companies of the United States", "Technology companies based in the San Francisco Bay Area"], "Boston Scientific": ["Health care companies of the United States", "Life sciences industry", "Medical equipment manufacturers"], "Alexion Pharmaceuticals": ["Life sciences industry", "Orphan drug companies", "Pharmaceutical companies of the United States"], "Allstate Corp": ["Insurance companies of the United States", "Life insurance companies"], "Vertex Pharmaceuticals Inc": ["Biotechnology companies of the United States", "Life sciences industry", "Orphan drug companies"], "Dollar General": [], "Charles Schwab Corporation": ["Financial District, San Francisco", "Financial services companies of the United States", "Online brokerages"], "Illumina Inc": ["Biotechnology companies of the United States", "Genomics companies"], "Citrix Systems": ["Cloud computing providers", "Software companies of the United States"], "Public Serv. Enterprise Inc.": ["Power companies of the United States", "Public Service Enterprise Group"], "Vornado Realty Trust": ["Property management companies", "Real estate companies of the United States", "Real estate investment trusts of the United States"], "Valero Energy": ["Automotive fuel brands", "Oil companies of the United States", "Oil pipeline companies"], "Apache Corporation": ["Natural gas companies of Canada", "Oil companies of Canada", "Oil companies of the United States"], "Bed Bath & Beyond": ["Retail companies of the United States"], "Northrop Grumman Corp.": ["Aerospace companies of the United States", "Aircraft manufacturers of the United States", "Defense companies of the United States", "Electronics companies of the United States", "Engineering companies of the United States", "Shipbuilding companies of the United States", "Unmanned aerial vehicle manufacturers"], "Intuit Inc.": ["Software companies based in the San Francisco Bay Area", "Tax preparation companies of the United States"], "Lockheed Martin Corp.": ["Aerospace companies of the United States", "Aircraft manufacturers of the United States", "Defense companies of the United States", "Motor vehicle manufacturers of the United States", "Unmanned aerial vehicle manufacturers"], "Rockwell Collins": ["Amateur radio companies", "Avionics companies", "Defense companies of the United States", "Electronic design", "Radio electronics"], "Coach Inc.": ["Clothing companies of the United States", "Fashion accessory brands", "Leather manufacturers"], "Becton Dickinson": ["Life sciences industry", "Medical equipment"], "Akamai Technologies Inc": ["Cloud computing providers", "Content delivery network", "Internet companies of the United States", "Private equity portfolio companies"], "Moody's Corp": ["Economics consulting firms", "Financial services companies based in New York City", "Financial software companies", "Multinational companies"], "Assurant Inc": [], "Cerner": ["Electronic health record software", "Health care companies of the United States", "Health information technology companies"], "eBay Inc.": ["Android (operating system) software", "IOS software", "Internet companies of the United States", "National Medal of Technology recipients", "Online retail companies of the United States", "WatchOS software"], "Cummins Inc.": ["Auto parts suppliers of the United States", "Diesel engine manufacturers", "Engine manufacturers", "Locomotive engine manufacturers", "Marine engine manufacturers", "Motor vehicle engine manufacturers", "Trucking industry in the United States"], "D. R. Horton": [], "U.S. Bancorp": ["U.S. Bancorp"], "Devon Energy Corp.": ["Natural gas companies of the United States", "Oil companies of the United States"], "Stanley Black & Decker": ["Tool manufacturing companies of the United States"], "Sealed Air Corp.(New)": ["Packaging companies"], "Activision Blizzard": ["Former Vivendi subsidiaries", "Video game companies of the United States"], "Fifth Third Bancorp": ["Economy of Pennsylvania"], "Westrock Co": [], "Henry Schein": ["Dental companies"], "Alcoa Inc": ["Alcoa", "Aluminium companies of the United States", "Metals monopolies"], "McKesson Corp.": ["Financial District, San Francisco", "Health care companies of the United States", "Multinational companies"], "Danaher Corp.": ["Conglomerate companies of the United States"], "Expedia Inc.": ["Expedia, Inc.", "Online retail companies of the United States"]}