{"American Airlines Group": 2012, "Discover Financial Services": 1985, "McGraw Hill Financial": 1917, "Xerox Corp.": 1906, "T. Rowe Price Group": 1937, "The Mosaic Company": -1, "FLIR Systems": 1978, "PepsiCo Inc.": 1965, "HP Inc.": 2015, "DTE Energy Co.": 1955, "Target Corp.": 1902, "The Bank of New York Mellon Corp.": 2007, "Alphabet Inc Class A": 2015, "Alphabet Inc Class C": 2015, "Ametek": -1, "Red Hat Inc.": 1993, "Harley-Davidson": 2012, "State Street Corp.": 1792, "Autodesk Inc": 1982, "Cintas Corporation": 1929, "Kimco Realty": 1960, "Macerich": -1, "Duke Energy": 1904, "General Motors": 1908, "Parker-Hannifin": 1964, "Realty Income Corporation": -1, "Delta Air Lines": 1928, "Cameron International Corp.": 1920, "Progressive Corp.": -1, "Bank of America Corp": 1998, "CONSOL Energy Inc.": 1860, "Newell Rubbermaid Co.": -1, "United Parcel Service": -1, "Block H&R": 1955, "QUALCOMM Inc.": 1985, "Grainger (W.W.) Inc.": 1927, "Tyson Foods": 1935, "AFLAC Inc": 1955, "Costco Co.": 1983, "Kraft Heinz Co": 2015, "Affiliated Managers Group Inc": 1980, "Intuitive Surgical Inc.": -1, "Merck & Co.": 1891, "Williams Cos.": -1, "AES Corp": 1981, "Cardinal Health Inc.": 1971, "AvalonBay Communities, Inc.": -1, "Anthem Inc.": -1, "Flowserve Corporation": 2013, "Stericycle Inc": 2009, "Avago Technologies": -1, "XL Capital": -1, "Lowe's Cos.": -1, "Adobe Systems Inc": 1982, "First Solar Inc": 2012, "Broadcom Corporation": 1991, "Zoetis": 1953, "TJX Companies Inc.": 1976, "United Continental Holdings": 2010, "Seagate Technology": 1979, "Total System Services": 1983, "American Tower Corp A": 1995, "Philip Morris International": -1, "ConocoPhillips": 2002, "ADT Corp": 1874, "L-3 Communications Holdings": 1997, "Occidental Petroleum": 1920, "Coca-Cola Enterprises": 1986, "Prudential Financial": 2010, "Staples Inc.": 1986, "Walgreens Boots Alliance": 2014, "AbbVie": 2013, "Kansas City Southern": -1, "Mallinckrodt Plc": -1, "United Health Group Inc.": -1, "Tenet Healthcare Corp.": -1, "Gilead Sciences": 1987, "Motorola Solutions Inc.": 2011, "The Hershey Company": 1894, "Polo Ralph Lauren Corp.": 1967, "Columbia Pipeline Group Inc": -1, "Owens-Illinois Inc": 1929, "Monsanto Co.": 1901, "PNC Financial Services": 1852, "Dun & Bradstreet": -1, "Lam Research": 1980, "FMC Technologies Inc.": 2000, "Cabot Oil & Gas": -1, "Cisco Systems": 1984, "National Oilwell Varco Inc.": 1862, "Martin Marietta Materials": 1993, "Marathon Petroleum": 1998, "Airgas Inc": 1982, "Level 3 Communications": 2007, "NetApp": -1, "Johnson & Johnson": 1887, "United Technologies": -1, "Citigroup Inc.": 1998, "PayPal": -1, "Monster Beverage": -1, "The Clorox Company": 1913, "General Electric": 1892, "Tegna": 2015, "Comerica Inc.": 1849, "CenturyLink Inc": 1968, "CIGNA Corp.": -1, "Paychex Inc.": 1971, "SunTrust Banks": 1811, "AutoNation Inc": 1996, "AT&T Inc": 1983, "Precision Castparts": 1953, "KeyCorp": 1994, "Dominion Resources": 2010, "NASDAQ OMX Group": -1, "The Travelers Companies Inc.": 2009, "Mondelez International": 2012, "Marriott Int'l.": 1927, "Thermo Fisher Scientific": 2006, "Huntington Bancshares": 1866, "F5 Networks": 2013, "Alliance Data Systems": -1, "ONEOK": 1906, "Regeneron": -1, "Nucor Corp.": 1940, "Under Armour": 1996, "NiSource Inc.": -1, "Marsh & McLennan": 1905, "E*Trade": -1, "American Electric Power": 1906, "L Brands Inc.": 1963, "Varian Medical Systems": -1, "Ford Motor": 1903, "TE Connectivity Ltd.": 2007, "Aon plc": 1919, "Lennar Corp.": -1, "Snap-On Inc.": 1920, "Prologis": -1, "Anadarko Petroleum Corp": 1959, "Hewlett Packard Enterprise": 2015, "Waste Management Inc.": 1971, "Newmont Mining Corp. (Hldg. Co.)": -1, "People's United Financial": 1842, "JPMorgan Chase & Co.": 2000, "Universal Health Services, Inc.": 2015, "Amphenol Corp A": 1932, "Wynn Resorts Ltd": 2002, "Ventas Inc": -1, "Celgene Corp.": 1986, "Newfield Exploration Co": -1, "Cognizant Technology Solutions": 1994, "Schlumberger Ltd.": 1927, "Agilent Technologies Inc": 2011, "Stryker Corp.": 1941, "Intercontinental Exchange": 2000, "Omnicom Group": 1986, "PVH Corp.": -1, "Constellation Brands": 1945, "Robert Half International": 1948, "Cincinnati Financial": -1, "Pitney-Bowes": 1902, "Baxter International Inc.": 1931, "Pfizer Inc.": 1849, "Wyndham Worldwide": -1, "Avery Dennison Corp": 1935, "Amgen Inc": -1, "American Express Co": 1850, "ACE Limited": 1985, "Illinois Tool Works": 1912, "Phillips 66": -1, "Analog Devices, Inc.": 1965, "Chevron Corp.": 1879, "BorgWarner": 1880, "Endo International": 1997, "Interpublic Group": 2007, "3M Company": 1902, "Linear Technology Corp.": 1981, "McDonald's Corp.": 1940, "Perrigo": -1, "Quest Diagnostics": 1967, "Nielsen Holdings": 1923, "Starbucks Corp.": -1, "Cimarex Energy": 2002, "Caterpillar Inc.": 1925, "Crown Castle International Corp.": -1, "Bard (C.R.) Inc.": -1, "International Bus. Machines": 1896, "Chipotle Mexican Grill": 1993, "Tesoro Petroleum Co.": 1968, "Xilinx Inc": 1984, "Freeport-McMoran Cp & Gld": 1912, "CME Group Inc.": -1, "Starwood Hotels & Resorts": -1, "Applied Materials Inc": 1967, "Time Warner Inc.": 1990, "Pepco Holdings Inc.": 2001, "EQT Corporation": 2013, "Harman Int'l Industries": 1980, "Keurig Green Mountain": 1981, "Carmax Inc": 1993, "Advance Auto Parts": 1932, "Oracle Corp.": 1977, "Southern Co.": 1945, "LyondellBasell": 2007, "Twenty-First Century Fox Class A": 2013, "Twenty-First Century Fox Class B": 2013, "Goodyear Tire & Rubber": 1898, "General Dynamics": 2011, "Pinnacle West Capital": 1920, "Wal-Mart Stores": 1962, "Whirlpool Corp.": 1911, "Colgate-Palmolive": -1, "J. B. Hunt Transport Services": 1961, "General Mills": 1866, "Automatic Data Processing": 1949, "PACCAR Inc.": 2013, "BB&T Corporation": 1872, "Discovery Communications-A": 2010, "Gap (The)": 1969, "Pioneer Natural Resources": -1, "Ingersoll-Rand PLC": 1871, "Netflix Inc.": 1997, "Cablevision Systems Corp.": 1973, "Garmin Ltd.": 1989, "DaVita Inc.": -1, "Apartment Investment & Mgmt": 1975, "Diamond Offshore Drilling": -1, "Plum Creek Timber Co.": -1, "CSRA Inc.": -1, "Halliburton Co.": 1919, "Zions Bancorp": 1873, "Ameriprise Financial": -1, "Vulcan Materials": 1909, "Union Pacific": 1862, "Hartford Financial Svc.Gp.": 1810, "SCANA Corp": -1, "CenterPoint Energy": -1, "The Coca Cola Company": 1892, "Range Resources Corp.": -1, "United Rentals, Inc.": -1, "Macy's Inc.": 1929, "Eastman Chemical": 2006, "Franklin Resources": 2012, "Southwestern Energy": -1, "Delphi Automotive": 1999, "Invesco Ltd.": 1935, "Mastercard Inc.": 1966, "Transocean": 2012, "Waters Corporation": -1, "Best Buy Co. Inc.": -1, "Rockwell Automation Inc.": 1903, "Estee Lauder Cos.": 1946, "Michael Kors Holdings": -1, "The Walt Disney Company": 1923, "Mead Johnson": 1905, "EMC Corp.": 1979, "Helmerich & Payne": -1, "Mattel Inc.": 1945, "Sempra Energy": 1998, "Navient": 2014, "Exxon Mobil Corp.": 1999, "Loews Corp.": -1, "Tiffany & Co.": 1837, "Ryder System": -1, "Unum Group": 1999, "Sherwin-Williams": 1866, "Pulte Homes Inc.": 1950, "Chesapeake Energy": 1989, "Eaton Corporation": 1911, "Goldman Sachs Group": 1869, "Wells Fargo": 1852, "Spectra Energy Corp.": 2006, "Dr Pepper Snapple Group": 2008, "Legg Mason": 1899, "CBS Corp.": 1971, "Salesforce.com": 1999, "Republic Services Inc": 1998, "AGL Resources Inc.": -1, "Intl Flavors & Fragrances": 1958, "Kinder Morgan": 2015, "Archer-Daniels-Midland Co": 1902, "GameStop Corp.": 1984, "Fiserv Inc": -1, "Apple Inc.": 1976, "M&T Bank Corp.": 1856, "Noble Energy Inc": 1932, "Zimmer Biomet Holdings": 1927, "Ameren Corp": 1995, "Teradata Corp.": -1, "Whole Foods Market": 1980, "PerkinElmer": 1931, "Visa Inc.": 1958, "Dollar Tree": 1986, "Expeditors Int'l": 1979, "Patterson Companies": -1, "Darden Restaurants": 1968, "Norfolk Southern Corp.": 2014, "Eversource Energy": 1966, "Praxair Inc.": 1907, "Hormel Foods Corp.": 1891, "Bristol-Myers Squibb": -1, "Discovery Communications-C": 2010, "Signet Jewelers": 1949, "CA, Inc.": 1976, "Tyco International": 1960, "PPG Industries": 1883, "Du Pont (E.I.)": 1802, "NextEra Energy": 1925, "Capital One Financial": 1994, "Scripps Networks Interactive Inc.": 2008, "Priceline.com Inc": 1997, "CBRE Group": 1773, "Frontier Communications": 1935, "Simon Property Group Inc": 1993, "Dow Chemical": -1, "Equinix": 1998, "Urban Outfitters": 1970, "Lincoln National": 1905, "Viacom Inc.": 2011, "Allegion": 2013, "Berkshire Hathaway": 1839, "Nordstrom": 1901, "Comcast A Corp": 1963, "McCormick & Co.": 1889, "Time Warner Cable Inc.": 1989, "MetLife Inc.": -1, "Ross Stores": 1950, "EOG Resources": 2012, "Air Products & Chemicals Inc": -1, "Nvidia Corporation": 1993, "Edison Int'l": 1886, "FirstEnergy Corp": 1997, "Regions Financial Corp.": 1971, "Jacobs Engineering Group": 1947, "Synchrony Financial": -1, "Public Storage": 1972, "Western Union Co": 1851, "Harris Corporation": 1895, "V.F. Corp.": 1899, "Ball Corp": 1880, "Johnson Controls": 1885, "Roper Industries": 1808, "C. H. Robinson Worldwide": 1905, "Yum! Brands Inc": 1997, "Entergy Corp.": -1, "Electronic Arts": 1982, "BIOGEN IDEC Inc.": 2003, "Quanta Services Inc.": -1, "Xylem Inc.": 2011, "Xcel Energy Inc": -1, "Microchip Technology": 1989, "Brown-Forman Corporation": 1870, "Mohawk Industries": -1, "International Paper": 1898, "AutoZone Inc": 1979, "Campbell Soup": 1869, "Boeing Company": 1916, "Amazon.com Inc": 1994, "BlackRock": 1988, "General Growth Properties Inc.": 2012, "Iron Mountain Incorporated": 1951, "Boston Properties": 2010, "HCA Holdings": 1968, "Fidelity National Information Services": 2006, "Exelon Corp.": 2000, "News Corp. Class A": 2013, "Wisconsin Energy Corporation": 2015, "Northern Trust Corp.": -1, "News Corp. Class B": 2013, "Texas Instruments": 1951, "Reynolds American Inc.": 2010, "Laboratory Corp. of America Holding": 2012, "Consolidated Edison": 1823, "Aetna Inc": 1850, "Microsoft Corp.": 1975, "Altria Group Inc": -1, "SanDisk Corporation": 1988, "Qorvo": -1, "Corning Inc.": 1851, "Host Hotels & Resorts": -1, "CF Industries Holdings Inc": -1, "Humana Inc.": -1, "Hasbro Inc.": 1923, "Royal Caribbean Cruises Ltd": 1997, "Verisign Inc.": 1995, "Baxalta": -1, "Molson Coors Brewing Company": 2005, "Raytheon Co.": 1922, "Equity Residential": 1969, "Carnival Corp.": 1972, "Essex Property Trust Inc": -1, "FedEx Corporation": 1971, "O'Reilly Automotive": 1957, "CMS Energy": 1890, "Sysco Corp.": 1969, "PPL Corp.": 1920, "Mylan N.V.": -1, "Equifax Inc.": 1899, "Skyworks Solutions": 2002, "KLA-Tencor Corp.": 1997, "Kellogg Co.": 1906, "Baker Hughes Inc": 1987, "Ecolab Inc.": 1923, "Principal Financial Group": 1879, "Murphy Oil": -1, "Welltower Inc.": -1, "Fluor Corp.": 1890, "Fastenal Co": 1968, "Masco Corp.": 1929, "Weyerhaeuser Corp.": -1, "Yahoo Inc.": 1994, "Micron Technology": 2014, "Textron Inc.": 1923, "Smucker (J.M.)": 2014, "Kimberly-Clark": 1872, "Abbott Laboratories": 1888, "TripAdvisor": 2000, "Kohl's Corp.": 1962, "Pentair Ltd.": 1966, "PG&E Corp.": 1905, "CVS Caremark Corp.": -1, "NRG Energy": -1, "Marathon Oil Corp.": 1887, "Facebook": 2004, "Genuine Parts": 1925, "Juniper Networks": 1998, "Edwards Lifesciences": -1, "Lilly (Eli) & Co.": 1876, "American International Group, Inc.": 1919, "Morgan Stanley": 1935, "St Jude Medical": 1976, "Procter & Gamble": 1837, "Dover Corp.": -1, "Verisk Analytics": -1, "TECO Energy": -1, "Western Digital": 1970, "Verizon Communications": -1, "Church & Dwight": 1896, "Ensco plc": -1, "Southwest Airlines": 1971, "Hess Corporation": -1, "Leggett & Platt": -1, "HCP Inc.": -1, "Kroger Co.": 1883, "Nike": 2016, "Express Scripts": 1986, "Fossil, Inc.": 1984, "Hanesbrands Inc": 2013, "CSX Corp.": 1980, "Allergan plc": -1, "SL Green Realty": 1980, "Leucadia National Corp.": 2005, "FMC Corporation": -1, "ConAgra Foods Inc.": -1, "Dentsply International": -1, "Deere & Co.": 1837, "Accenture plc": 1989, "Torchmark Corp.": 1900, "Medtronic plc": -1, "AmerisourceBergen Corp": -1, "Tractor Supply Company": 1938, "Chubb Corp.": -1, "Symantec Corp.": 1982, "Home Depot": 1978, "Emerson Electric Company": 1890, "Honeywell Int'l Inc.": 1906, "Intel Corp.": 1968, "Boston Scientific": 1979, "Alexion Pharmaceuticals": 1992, "Allstate Corp": 1931, "Vertex Pharmaceuticals Inc": 1989, "Dollar General": 1939, "Charles Schwab Corporation": 1971, "Illumina Inc": 1998, "Citrix Systems": 1989, "Public Serv. Enterprise Inc.": 1903, "Vornado Realty Trust": 1982, "Valero Energy": -1, "Apache Corporation": 1954, "Bed Bath & Beyond": -1, "Northrop Grumman Corp.": 1994, "Intuit Inc.": 1983, "Lockheed Martin Corp.": 1995, "Rockwell Collins": 1933, "Coach Inc.": 1941, "Becton Dickinson": 2011, "Akamai Technologies Inc": 1998, "Moody's Corp": 2007, "Assurant Inc": 1977, "Cerner": 1979, "eBay Inc.": 1995, "Cummins Inc.": 1919, "D. R. Horton": 1978, "U.S. Bancorp": 1890, "Devon Energy Corp.": 1971, "Stanley Black & Decker": 1843, "Sealed Air Corp.(New)": 1960, "Activision Blizzard": 2008, "Fifth Third Bancorp": 1858, "Westrock Co": 1872, "Henry Schein": 1932, "Alcoa Inc": 1886, "McKesson Corp.": -1, "Danaher Corp.": 2014, "Expedia Inc.": 1995}